{
  "score:std": 0.41573970964154905,
  "score:stderr": 0.029620227874790486,
  "score": 0.2222222222222222,
  "task_name": "gpqa_diamond"
}