{
  "score:std": 0.49908088157577585,
  "score:stderr": 0.03555804051763932,
  "score": 0.5303030303030303,
  "task_name": "gpqa_diamond"
}