{
  "score:std": 0.4453617714151233,
  "score:stderr": 0.03173071239071728,
  "score": 0.2727272727272727,
  "task_name": "gpqa_diamond"
}