{
  "score:std": 0.4999744917480639,
  "score:stderr": 0.03562170760625403,
  "score": 0.5050505050505051,
  "task_name": "gpqa_diamond"
}