{
  "score:std": 0.490705365716813,
  "score:stderr": 0.03496130972056125,
  "score": 0.40404040404040403,
  "task_name": "gpqa_diamond"
}